[{"id":1,"starred":false,"full_name":"Donaugh Barkley","email":"dbarkley0@csmonitor.com","phone":"579-459-8481","avatar":"https://robohash.org/maioreserrorquos.jpg?size=250x250&set=set1"},
{"id":2,"starred":false,"full_name":"Kalli Paoli","email":"kpaoli1@wsj.com","phone":"666-880-1492","avatar":"https://robohash.org/cupiditateenimofficia.jpg?size=250x250&set=set1"},
{"id":3,"starred":false,"full_name":"Niki Dominetti","email":"ndominetti2@cpanel.net","phone":"532-175-1909","avatar":"https://robohash.org/nullafaceredoloremque.jpg?size=250x250&set=set1"},
{"id":4,"starred":false,"full_name":"Clyve Hyatt","email":"chyatt3@stumbleupon.com","phone":"903-426-6147","avatar":"https://robohash.org/consequunturvoluptascumque.jpg?size=250x250&set=set1"},
{"id":5,"starred":false,"full_name":"Petra McGonigal","email":"pmcgonigal4@sourceforge.net","phone":"584-315-0762","avatar":"https://robohash.org/occaecatihicaut.jpg?size=250x250&set=set1"},
{"id":6,"starred":false,"full_name":"Ursala Colborn","email":"ucolborn5@epa.gov","phone":"408-717-0956","avatar":"https://robohash.org/illoveroest.jpg?size=250x250&set=set1"},
{"id":7,"starred":true,"full_name":"Ketti Blay","email":"kblay6@spiegel.de","phone":"885-159-4510","avatar":"https://robohash.org/velitconsequunturipsam.jpg?size=250x250&set=set1"},
{"id":8,"starred":false,"full_name":"Winifield Elfleet","email":"welfleet7@chicagotribune.com","phone":"948-477-9615","avatar":"https://robohash.org/etipsummollitia.jpg?size=250x250&set=set1"},
{"id":9,"starred":false,"full_name":"Murry Veighey","email":"mveighey8@trellian.com","phone":"964-506-5858","avatar":"https://robohash.org/consequaturnullacum.jpg?size=250x250&set=set1"},
{"id":10,"starred":false,"full_name":"Sybille Lefley","email":"slefley9@linkedin.com","phone":"231-134-8430","avatar":"https://robohash.org/earumtemporaqui.jpg?size=250x250&set=set1"},
{"id":11,"starred":false,"full_name":"Aryn Agglione","email":"aagglionea@nps.gov","phone":"476-934-0840","avatar":"https://robohash.org/necessitatibusutquibusdam.jpg?size=250x250&set=set1"},
{"id":12,"starred":false,"full_name":"Albertina Schuricke","email":"aschurickeb@ihg.com","phone":"706-235-4727","avatar":"https://robohash.org/animiincidunterror.jpg?size=250x250&set=set1"},
{"id":13,"starred":true,"full_name":"Sheff Alfuso","email":"salfusoc@homestead.com","phone":"678-789-3579","avatar":"https://robohash.org/sedautexpedita.jpg?size=250x250&set=set1"},
{"id":14,"starred":false,"full_name":"Constancia Rowberry","email":"crowberryd@biglobe.ne.jp","phone":"131-566-9187","avatar":"https://robohash.org/delectuslaborumenim.jpg?size=250x250&set=set1"},
{"id":15,"starred":false,"full_name":"Gabe Boynton","email":"gboyntone@slashdot.org","phone":"261-627-0175","avatar":"https://robohash.org/quisquamnonlaborum.jpg?size=250x250&set=set1"},
{"id":16,"starred":false,"full_name":"Rossy Vonderdell","email":"rvonderdellf@soundcloud.com","phone":"668-323-0333","avatar":"https://robohash.org/exercitationemsitin.jpg?size=250x250&set=set1"},
{"id":17,"starred":false,"full_name":"Basil Godly","email":"bgodlyg@twitpic.com","phone":"207-687-7999","avatar":"https://robohash.org/adnihillaudantium.jpg?size=250x250&set=set1"},
{"id":18,"starred":false,"full_name":"Myrna Teml","email":"mtemlh@imgur.com","phone":"198-670-2254","avatar":"https://robohash.org/verosedtotam.jpg?size=250x250&set=set1"},
{"id":19,"starred":false,"full_name":"Brunhilde Keal","email":"bkeali@narod.ru","phone":"415-634-1113","avatar":"https://robohash.org/quiapossimusquas.jpg?size=250x250&set=set1"},
{"id":20,"starred":false,"full_name":"Chelsey Coumbe","email":"ccoumbej@census.gov","phone":"649-150-4903","avatar":"https://robohash.org/praesentiumquolaudantium.jpg?size=250x250&set=set1"},
{"id":21,"starred":false,"full_name":"Delilah Chasteney","email":"dchasteneyk@aol.com","phone":"973-377-5811","avatar":"https://robohash.org/distinctiovoluptatea.jpg?size=250x250&set=set1"},
{"id":22,"starred":true,"full_name":"Henrie De Mitri","email":"hdel@furl.net","phone":"941-789-4804","avatar":"https://robohash.org/infugitnatus.jpg?size=250x250&set=set1"},
{"id":23,"starred":false,"full_name":"Sunshine Goff","email":"sgoffm@vkontakte.ru","phone":"714-552-6841","avatar":"https://robohash.org/iuremodiipsum.jpg?size=250x250&set=set1"},
{"id":24,"starred":false,"full_name":"Brett Lusted","email":"blustedn@wunderground.com","phone":"300-797-4018","avatar":"https://robohash.org/suntofficiiseligendi.jpg?size=250x250&set=set1"},
{"id":25,"starred":false,"full_name":"Gabriello Huyhton","email":"ghuyhtono@google.ca","phone":"480-513-7770","avatar":"https://robohash.org/atqueveniamdolorum.jpg?size=250x250&set=set1"},
{"id":26,"starred":false,"full_name":"Vereno Vedenyapin","email":"vvedenyapinp@prlog.org","phone":"395-485-5477","avatar":"https://robohash.org/voluptatemquasisit.jpg?size=250x250&set=set1"},
{"id":27,"starred":false,"full_name":"Ado Dye","email":"adyeq@instagram.com","phone":"360-994-2217","avatar":"https://robohash.org/rerumblanditiisaut.jpg?size=250x250&set=set1"},
{"id":28,"starred":false,"full_name":"Vivian Martinets","email":"vmartinetsr@ycombinator.com","phone":"320-470-0952","avatar":"https://robohash.org/ullamperferendisvoluptatibus.jpg?size=250x250&set=set1"},
{"id":29,"starred":true,"full_name":"Freida Heberden","email":"fheberdens@imageshack.us","phone":"675-723-4453","avatar":"https://robohash.org/etquiid.jpg?size=250x250&set=set1"},
{"id":30,"starred":false,"full_name":"Krishnah Blakeley","email":"kblakeleyt@dmoz.org","phone":"975-836-3652","avatar":"https://robohash.org/maioreslaborequia.jpg?size=250x250&set=set1"},
{"id":31,"starred":false,"full_name":"Zsa zsa Ierland","email":"zzsau@sourceforge.net","phone":"158-636-9601","avatar":"https://robohash.org/nesciuntquisunt.jpg?size=250x250&set=set1"},
{"id":32,"starred":false,"full_name":"Reeba Siley","email":"rsileyv@walmart.com","phone":"936-952-9608","avatar":"https://robohash.org/consecteturautemincidunt.jpg?size=250x250&set=set1"},
{"id":33,"starred":true,"full_name":"Delphine Greet","email":"dgreetw@squarespace.com","phone":"865-437-4122","avatar":"https://robohash.org/consequunturrationecorrupti.jpg?size=250x250&set=set1"},
{"id":34,"starred":false,"full_name":"Claresta Boswell","email":"cboswellx@is.gd","phone":"530-549-7280","avatar":"https://robohash.org/doloreseaquis.jpg?size=250x250&set=set1"},
{"id":35,"starred":false,"full_name":"Gui Wolfers","email":"gwolfersy@wikispaces.com","phone":"177-359-9840","avatar":"https://robohash.org/sitminusalias.jpg?size=250x250&set=set1"},
{"id":36,"starred":false,"full_name":"Ado Eliassen","email":"aeliassenz@hostgator.com","phone":"238-432-5868","avatar":"https://robohash.org/autilloofficia.jpg?size=250x250&set=set1"},
{"id":37,"starred":false,"full_name":"Ervin Dufore","email":"edufore10@yale.edu","phone":"515-145-3760","avatar":"https://robohash.org/blanditiisiustoquis.jpg?size=250x250&set=set1"},
{"id":38,"starred":false,"full_name":"Pandora Claessens","email":"pclaessens11@sitemeter.com","phone":"189-826-5413","avatar":"https://robohash.org/enimvoluptatequia.jpg?size=250x250&set=set1"},
{"id":39,"starred":false,"full_name":"Pierre Hasselby","email":"phasselby12@ed.gov","phone":"775-122-8323","avatar":"https://robohash.org/quifacilisquaerat.jpg?size=250x250&set=set1"},
{"id":40,"starred":false,"full_name":"Arvie McClune","email":"amcclune13@topsy.com","phone":"394-512-0745","avatar":"https://robohash.org/nullaperspiciatisquia.jpg?size=250x250&set=set1"},
{"id":41,"starred":false,"full_name":"Elden Sandilands","email":"esandilands14@xing.com","phone":"353-173-5441","avatar":"https://robohash.org/remiuredebitis.jpg?size=250x250&set=set1"},
{"id":42,"starred":false,"full_name":"Zia Galer","email":"zgaler15@com.com","phone":"358-290-0053","avatar":"https://robohash.org/minusquasidolor.jpg?size=250x250&set=set1"},
{"id":43,"starred":false,"full_name":"Connor Kniveton","email":"ckniveton16@va.gov","phone":"227-970-0415","avatar":"https://robohash.org/utrepudiandaeducimus.jpg?size=250x250&set=set1"},
{"id":44,"starred":false,"full_name":"Gaspard Sparey","email":"gsparey17@mediafire.com","phone":"385-829-3871","avatar":"https://robohash.org/accusamusporronecessitatibus.jpg?size=250x250&set=set1"},
{"id":45,"starred":false,"full_name":"Rube Brasner","email":"rbrasner18@1und1.de","phone":"830-504-4729","avatar":"https://robohash.org/quodnontotam.jpg?size=250x250&set=set1"},
{"id":46,"starred":true,"full_name":"Jeramie Simanek","email":"jsimanek19@opera.com","phone":"682-651-0486","avatar":"https://robohash.org/reiciendisquodvoluptatem.jpg?size=250x250&set=set1"},
{"id":47,"starred":false,"full_name":"Marius Harrower","email":"mharrower1a@merriam-webster.com","phone":"846-166-6160","avatar":"https://robohash.org/omnisfugaenim.jpg?size=250x250&set=set1"},
{"id":48,"starred":false,"full_name":"Fawne Halford","email":"fhalford1b@ca.gov","phone":"911-570-3814","avatar":"https://robohash.org/rerumnonest.jpg?size=250x250&set=set1"},
{"id":49,"starred":false,"full_name":"Umeko Scanterbury","email":"uscanterbury1c@elegantthemes.com","phone":"794-219-4403","avatar":"https://robohash.org/veritatisvoluptatemquo.jpg?size=250x250&set=set1"},
{"id":50,"starred":false,"full_name":"Conan Bavin","email":"cbavin1d@fastcompany.com","phone":"602-799-8117","avatar":"https://robohash.org/remestodit.jpg?size=250x250&set=set1"},
{"id":51,"starred":false,"full_name":"Murry Mazonowicz","email":"mmazonowicz1e@constantcontact.com","phone":"635-606-9493","avatar":"https://robohash.org/doloribusnemooptio.jpg?size=250x250&set=set1"},
{"id":52,"starred":false,"full_name":"Orazio Fackney","email":"ofackney1f@yellowpages.com","phone":"163-622-8509","avatar":"https://robohash.org/aliquideaanimi.jpg?size=250x250&set=set1"},
{"id":53,"starred":false,"full_name":"Bonnee Haisell","email":"bhaisell1g@latimes.com","phone":"344-827-6631","avatar":"https://robohash.org/repellatametpraesentium.jpg?size=250x250&set=set1"},
{"id":54,"starred":false,"full_name":"Alika Rainsdon","email":"arainsdon1h@umich.edu","phone":"896-104-7010","avatar":"https://robohash.org/voluptatemsolutamolestiae.jpg?size=250x250&set=set1"},
{"id":55,"starred":false,"full_name":"Dacie Stanislaw","email":"dstanislaw1i@nhs.uk","phone":"874-820-2769","avatar":"https://robohash.org/omniseumperferendis.jpg?size=250x250&set=set1"},
{"id":56,"starred":false,"full_name":"Burl Smyley","email":"bsmyley1j@youtube.com","phone":"301-258-1257","avatar":"https://robohash.org/estdoloresamet.jpg?size=250x250&set=set1"},
{"id":57,"starred":true,"full_name":"Nanine Bletso","email":"nbletso1k@toplist.cz","phone":"550-413-1781","avatar":"https://robohash.org/omnisaliquidquisquam.jpg?size=250x250&set=set1"},
{"id":58,"starred":false,"full_name":"Shelba Collum","email":"scollum1l@php.net","phone":"144-207-0423","avatar":"https://robohash.org/quiadfugit.jpg?size=250x250&set=set1"},
{"id":59,"starred":false,"full_name":"Mollie Ply","email":"mply1m@upenn.edu","phone":"971-653-3054","avatar":"https://robohash.org/magniutaut.jpg?size=250x250&set=set1"},
{"id":60,"starred":false,"full_name":"Burnaby Howen","email":"bhowen1n@sohu.com","phone":"751-947-1324","avatar":"https://robohash.org/doloremquesedeius.jpg?size=250x250&set=set1"},
{"id":61,"starred":false,"full_name":"Zed Faro","email":"zfaro1o@ucoz.ru","phone":"414-597-7771","avatar":"https://robohash.org/cumiurelabore.jpg?size=250x250&set=set1"},
{"id":62,"starred":false,"full_name":"Bevin O'Spellissey","email":"bospellissey1p@noaa.gov","phone":"513-105-6071","avatar":"https://robohash.org/itaqueharumvoluptatem.jpg?size=250x250&set=set1"},
{"id":63,"starred":false,"full_name":"Pinchas Chaytor","email":"pchaytor1q@networksolutions.com","phone":"806-227-5134","avatar":"https://robohash.org/atqueomnisqui.jpg?size=250x250&set=set1"},
{"id":64,"starred":false,"full_name":"Justus Griss","email":"jgriss1r@senate.gov","phone":"123-155-7039","avatar":"https://robohash.org/sedaducimus.jpg?size=250x250&set=set1"},
{"id":65,"starred":false,"full_name":"Barbee Jobling","email":"bjobling1s@elegantthemes.com","phone":"480-152-0568","avatar":"https://robohash.org/odioquaevoluptatem.jpg?size=250x250&set=set1"},
{"id":66,"starred":true,"full_name":"Kacey Tyndall","email":"ktyndall1t@tumblr.com","phone":"387-401-1325","avatar":"https://robohash.org/utsimiliquevel.jpg?size=250x250&set=set1"},
{"id":67,"starred":false,"full_name":"Cesar Rosenstock","email":"crosenstock1u@alexa.com","phone":"260-473-3492","avatar":"https://robohash.org/pariaturlaborerepellendus.jpg?size=250x250&set=set1"},
{"id":68,"starred":false,"full_name":"Alastair Tomaskunas","email":"atomaskunas1v@discovery.com","phone":"749-497-9131","avatar":"https://robohash.org/inciduntsedeligendi.jpg?size=250x250&set=set1"},
{"id":69,"starred":false,"full_name":"Ervin Faustin","email":"efaustin1w@bloglines.com","phone":"849-196-0779","avatar":"https://robohash.org/liberoquaeratest.jpg?size=250x250&set=set1"},
{"id":70,"starred":false,"full_name":"Dan Grinter","email":"dgrinter1x@usatoday.com","phone":"718-850-9999","avatar":"https://robohash.org/quiavoluptatemaut.jpg?size=250x250&set=set1"},
{"id":71,"starred":false,"full_name":"Baxter Kindread","email":"bkindread1y@simplemachines.org","phone":"604-407-2375","avatar":"https://robohash.org/autemsuscipitquisquam.jpg?size=250x250&set=set1"},
{"id":72,"starred":false,"full_name":"Arlena Maskrey","email":"amaskrey1z@ft.com","phone":"647-933-3357","avatar":"https://robohash.org/voluptasoccaecatiperferendis.jpg?size=250x250&set=set1"},
{"id":73,"starred":false,"full_name":"Craig Dresser","email":"cdresser20@imdb.com","phone":"738-779-7757","avatar":"https://robohash.org/voluptatemdictaest.jpg?size=250x250&set=set1"},
{"id":74,"starred":false,"full_name":"Jolie Dutnell","email":"jdutnell21@barnesandnoble.com","phone":"384-527-5999","avatar":"https://robohash.org/quisfacereest.jpg?size=250x250&set=set1"},
{"id":75,"starred":true,"full_name":"Abigael Bott","email":"abott22@rakuten.co.jp","phone":"864-774-3935","avatar":"https://robohash.org/quibusdametdolores.jpg?size=250x250&set=set1"},
{"id":76,"starred":false,"full_name":"Othelia Biggin","email":"obiggin23@canalblog.com","phone":"169-209-6715","avatar":"https://robohash.org/totamquamcum.jpg?size=250x250&set=set1"},
{"id":77,"starred":false,"full_name":"Russell Strawbridge","email":"rstrawbridge24@rambler.ru","phone":"752-133-0115","avatar":"https://robohash.org/natusadvoluptatem.jpg?size=250x250&set=set1"},
{"id":78,"starred":false,"full_name":"Walther Turton","email":"wturton25@hc360.com","phone":"205-407-4059","avatar":"https://robohash.org/delenitiipsumdoloremque.jpg?size=250x250&set=set1"},
{"id":79,"starred":false,"full_name":"Jerad Trustrie","email":"jtrustrie26@diigo.com","phone":"325-595-8294","avatar":"https://robohash.org/molestiaeperspiciatisdeleniti.jpg?size=250x250&set=set1"},
{"id":80,"starred":false,"full_name":"Mikey Grinov","email":"mgrinov27@prlog.org","phone":"646-228-6829","avatar":"https://robohash.org/harumetveritatis.jpg?size=250x250&set=set1"},
{"id":81,"starred":false,"full_name":"Huntley Bennell","email":"hbennell28@tmall.com","phone":"716-174-7311","avatar":"https://robohash.org/etnobiserror.jpg?size=250x250&set=set1"},
{"id":82,"starred":false,"full_name":"Melisse Rollason","email":"mrollason29@wired.com","phone":"619-100-9285","avatar":"https://robohash.org/remvoluptatemodio.jpg?size=250x250&set=set1"},
{"id":83,"starred":false,"full_name":"Opal Muro","email":"omuro2a@tmall.com","phone":"168-104-0346","avatar":"https://robohash.org/earumminusest.jpg?size=250x250&set=set1"},
{"id":84,"starred":false,"full_name":"Allx Goddard","email":"agoddard2b@columbia.edu","phone":"279-353-2859","avatar":"https://robohash.org/reprehenderitconsecteturimpedit.jpg?size=250x250&set=set1"},
{"id":85,"starred":false,"full_name":"Fransisco Jewise","email":"fjewise2c@hibu.com","phone":"450-179-0659","avatar":"https://robohash.org/nesciuntearumenim.jpg?size=250x250&set=set1"},
{"id":86,"starred":false,"full_name":"Cicely Hubberstey","email":"chubberstey2d@surveymonkey.com","phone":"499-530-7445","avatar":"https://robohash.org/praesentiumnoneius.jpg?size=250x250&set=set1"},
{"id":87,"starred":false,"full_name":"Gerik Dewberry","email":"gdewberry2e@go.com","phone":"499-605-3212","avatar":"https://robohash.org/vitaemagnierror.jpg?size=250x250&set=set1"},
{"id":88,"starred":true,"full_name":"Nicol Chastanet","email":"nchastanet2f@stanford.edu","phone":"142-368-0600","avatar":"https://robohash.org/inaba.jpg?size=250x250&set=set1"},
{"id":89,"starred":false,"full_name":"Zerk St. Queintain","email":"zst2g@mtv.com","phone":"741-816-3409","avatar":"https://robohash.org/perspiciatisautemquasi.jpg?size=250x250&set=set1"},
{"id":90,"starred":false,"full_name":"Evanne Sorley","email":"esorley2h@exblog.jp","phone":"399-291-4948","avatar":"https://robohash.org/iurevoluptatemminus.jpg?size=250x250&set=set1"},
{"id":91,"starred":false,"full_name":"Lin Bayford","email":"lbayford2i@is.gd","phone":"949-498-0241","avatar":"https://robohash.org/estveroet.jpg?size=250x250&set=set1"},
{"id":92,"starred":false,"full_name":"Bondon Wales","email":"bwales2j@google.com.hk","phone":"118-736-7999","avatar":"https://robohash.org/evenietsedquod.jpg?size=250x250&set=set1"},
{"id":93,"starred":false,"full_name":"Henri Dello","email":"hdello2k@marketwatch.com","phone":"252-293-8401","avatar":"https://robohash.org/cumqueetvoluptatem.jpg?size=250x250&set=set1"},
{"id":94,"starred":false,"full_name":"Elga Melladew","email":"emelladew2l@slideshare.net","phone":"328-228-4468","avatar":"https://robohash.org/consecteturoccaecatiid.jpg?size=250x250&set=set1"},
{"id":95,"starred":false,"full_name":"Hewet Wiggam","email":"hwiggam2m@irs.gov","phone":"228-447-9945","avatar":"https://robohash.org/deseruntquidemvel.jpg?size=250x250&set=set1"},
{"id":96,"starred":false,"full_name":"Bethena Patience","email":"bpatience2n@ocn.ne.jp","phone":"315-618-3829","avatar":"https://robohash.org/similiqueautreprehenderit.jpg?size=250x250&set=set1"},
{"id":97,"starred":true,"full_name":"Carmelia Hemphall","email":"chemphall2o@spotify.com","phone":"701-503-1691","avatar":"https://robohash.org/autemeligendiomnis.jpg?size=250x250&set=set1"},
{"id":98,"starred":false,"full_name":"Korie Myrtle","email":"kmyrtle2p@cocolog-nifty.com","phone":"439-702-0720","avatar":"https://robohash.org/autquaeamet.jpg?size=250x250&set=set1"},
{"id":99,"starred":false,"full_name":"Shadow Lauret","email":"slauret2q@pbs.org","phone":"889-414-0170","avatar":"https://robohash.org/sintconsequunturquibusdam.jpg?size=250x250&set=set1"},
{"id":100,"starred":false,"full_name":"Stanley Gabbat","email":"sgabbat2r@geocities.com","phone":"943-300-0090","avatar":"https://robohash.org/temporeminimaculpa.jpg?size=250x250&set=set1"}]